Keyword,Target URL,Target Intent,Target Country,Current Position,Target Position,Impressions (30d),Clicks (30d),Backlinks,Referring Domains,Status
Best AI Developer,https://www.moizahmed.online/#services-ai-development,Commercial,Global,Unranked,Top 5,0,0,0,0,Tracking Initialized
AI Engineer,https://www.moizahmed.online/#services-agentic-ai-development,Commercial,Global,Unranked,Top 5,0,0,0,0,Tracking Initialized
AI Consultant,https://www.moizahmed.online/#services-ai-consulting,Commercial,Global,Unranked,Top 5,0,0,0,0,Tracking Initialized
n8n Expert,https://www.moizahmed.online/#services-n8n-automation,Commercial,Global,Unranked,Top 3,0,0,0,0,Tracking Initialized
AI Automation Expert,https://www.moizahmed.online/#services-ai-automation,Commercial,Global,Unranked,Top 5,0,0,0,0,Tracking Initialized
Full Stack Developer,https://www.moizahmed.online/#services-full-stack-development,Commercial,Global,Unranked,Top 10,0,0,0,0,Tracking Initialized
Website Developer,https://www.moizahmed.online/#services-custom-website-development,Commercial,Global,Unranked,Top 10,0,0,0,0,Tracking Initialized
Technical SEO Expert,https://www.moizahmed.online/#services-technical-seo,Commercial,Global,Unranked,Top 5,0,0,0,0,Tracking Initialized
GEO Expert,https://www.moizahmed.online/#services-technical-seo,Informational/Commercial,Global,Unranked,Top 3,0,0,0,0,Tracking Initialized
AEO Expert,https://www.moizahmed.online/#services-technical-seo,Informational/Commercial,Global,Unranked,Top 3,0,0,0,0,Tracking Initialized
Full Stack Developer Sialkot,https://www.moizahmed.online/,Local,Pakistan,Unranked,#1 Rank,0,0,0,0,Tracking Initialized
AI Developer Pakistan,https://www.moizahmed.online/,National,Pakistan,Unranked,Top 3,0,0,0,0,Tracking Initialized
AI Engineer Pakistan,https://www.moizahmed.online/,National,Pakistan,Unranked,Top 3,0,0,0,0,Tracking Initialized
Web Developer Pakistan,https://www.moizahmed.online/,National,Pakistan,Unranked,Top 5,0,0,0,0,Tracking Initialized
